original_sha	public_sha
fec56a8a1e8edf36f0608b5f08f07f37c9ea4b65	8a9ee5cb1462309933f1528e9db84639fd63aa75
73dc6fae50f19b08895746e579a59926e7331cdf	6194f6375830c48f33fe998cd55c299a4f545b9b
ef7816916c645bece53c84c7705a0956dd032af5	87bb9fc8b9e68b42a72f3cd936a7aad3d0692940
92bac74e32d5c35902b7e5f1f95b63061f297663	6cea399e8ff48584a4a6f835e056956dbdb17d88
c35a24725dc5aee5d31a537b5c24906a107bad48	e1bca064a7be0f13f7982a00474edaecfb72aec3
1780fa08ef99a51572f62b08cc1a90373720b2ea	49294834bb820684aed0c9a69ea938e1313df277
7d07a52e0a455e77d7e73f60b1e20a3fae4cce08	b020a049b7eeb122103f90023b8ebb4c375a6585
d46db3a7c35510dc2eec187f937b389505399ab9	14d1d371608909225e14c7ac301c50bd109d8a43
e6d7562fb9f47c2f04195b73bd4b38378ee6549b	3558ec202d34db45de5982f4cf2a91d912bb6cdd
766353568bc942e35f62d278a3ccf78e6b50593e	237bbe365a77f8a637ca9f58d3a69b1e8f34f067
0f459bee9dd6b291add372487883ffed2c3558e4	17041ca009b073d01888be3bf65b8a2c2235a30f
ea0e219a3b05b5fa0c117f82e01452fc9f037fd6	ff61a8c8f9f78f1ad2a511e015b79442f5523135
14cb2c66e423eb533c1562fc360e3e5b421ca877	fb4927b3de7cc650c599be1efff4968ed913682d
59dc6d9d4bb601745505c3094a3106c8d6914798	b746aed6340bb962cbe174d7ef2363b3ba8812be
24491d05151bde87e05dafb205cd2ce16a67ed7e	9f6870c53350af7866ed59eba77a4288c3b864cf
654fffe650b4ce061dca8e79ca395fa0d85f7e1d	53fcefe51a773a38a6b904b45f890410cc10ee57
5169a7b174c02f13a2747ba1266c9dcd1a7c1bca	7d582cf5c004fea36103dd2169913ddf712e6580
8a055a793bfd71aa1ce8432f6d22c3c74f087758	1aa5fe1074dae49aed0e8334069b0782d134b93a
590c4034f0958f432ffb30673a47838f8d9e9c06	c37c0192b12a58ee322f749603aad40f13387d2d
0b02305c1032d88ed4392acb164288e2b2ef08a9	9368bd6adf7d1856fd2e84d027d972c73b35a550
805c51396bad174fc814a7c3b15bcff0466f8c67	aec1ed5a17e1aacc5917bdd9c1df7171d44f4eb5
db9f6cfedd1d96b1a0ca09fc772b8ae4604e6c5c	29c81557fd4d1dfa88e209ffaf9b5dd9d38aec74
f72e12d13c8194d106d0f500a39de101eaf04fe6	831bf1dd184bb439626bd99011b391a63fd6e0af
987fc80fac76b606d2b383278db8b2467fc7187a	2f5d0a9761ce3bd0d11c02321617482292858dab
9a813a5459adef0d4b260594b7f18154ce953fce	0fdab85f414e17b08f22e961cfc4191acbdf7d1a
947167af888fc5ed3737798cbeeab23a920eddc4	150be847ebe282b89fd4ddc1306b09507e461c68
f2497ea42f6914997d5f939ca85ac5250898bd10	00b39b78fdc4807c8c0327afd17d2cf3fa81ad27
76afd58339cadae103a43bb6ed1b3aecddbb3cb6	c618bfb000baad64856b8875b39b257ead6e1194
d2e64cddedb8edbc48c84cabf279c7b8acf0f564	58128dfc03a7ee3828cbf9aeac6e72ab1560e034
6d8a548972b807d987981090ff9a3abf38afde0a	0b5a4e8899f4c63ad59e4c0bdc4467421baaba52
e7097a87a13d190e16e5ce4908dd61c45f3cfe23	e1cdc788989f2b5dcc37502e03e293beb76b6206
063c047152963e6202a5a2999f0fe336fbf7481b	d2063316f6b0357edc81438f9766945220643a15
7f4e2d2767a57caa3ba70e3b8226cd4572f5720d	d0ee420d9ba5b094ee76d4d33c3ba49bd9674e7f
cb95b572c253be232eb5fc63a911d7c4e0717a8c	4f4c4cca0c84dc94529a52f1def27e5eef1decb7
50426db08ac4f401d6fb2cd2515ab3884cb2d80a	ebabbd6302fd68c88ee91b3c3e30381828d35942
cd03c06919ded070e9008c2d7c36cd84e3194a52	be76b2c6a9f99eb62c121672dd257de47341f6a7
ea3c4d422c54bb78e0dc390e3eac588af95afffb	1d4dae75723e10743765687fa23cae6447cc2f55
9cd5f93d79ccf096eda181fe3265293dd9aeb0e2	46071591cffc5347a403e6e90fae105db5db40dc
0930e6f30a523767e98860201ef6cbbde17ae346	fa921ea285259b653e30eaaee7fc9b668d10023b
2d0b3aa5d1016ea111b88a4c5c90f3ce33442c69	d8344b28f74c237d43462db0e60d7dc7e639495c
d6373fd363e5e3721bb074ba294188b4851ec381	9f1548818dd2ddefc94dedac6ab5c134e25bf890
93a35e01e5d648bea774b5468467f1a0d7103d2c	dca8e8c382e5f836a31eaaf4c9e92c4b15f45095
215481ec202f5182cf23aba65d0b2d71117ee2f3	c813530ccadd5a58201b597edb3758c134cb99de
37964619f67061140e149751cac21efe3f7a8bf6	3b8e289431738363fdaac151a8ef3165b7ac62cc
06166eb7a910d4d5b73dd5db21a3f5bca78d0c40	ae7d6eb791a616bbf5b6463dce29b595e8c24766
05cac5a9eb0752048747527d0e936fe5d2fcc5dd	d218dec6ad9e9d8dd5c5d53e103df7a489a95069
bdbb8de2c5ddba3a91113fcf16d63ec2fcf63128	3180bc1e2d153496fc4ae39099fa9fbd182c4c2b
12384e0e5024c5fae0fdf7667d822b69441e9000	310f3e35b5d477b457a03306222e2879a33c219b
97e7e0899bbe7d0143d30ffeab03ea74f64fe9f9	8ca5cbaa02058de5bd10d50b85a6098ecf0500b1
d6a0bc3b4fbd4e33e449a383f71250cb3fbb54d1	670463b7687745dbb5e300ded9eba173a10c93f8
8f4008f5a84865e74ea1a4190da17a3aecd3f290	77974128d1d7a4ad10c859ac54002bdf892e3f69
28bda7a8417dd73266777f60825dcb8f22d231b1	490606f891a67ecc4012cb8015e357510ae75a95
b210fd8d773b4d742b35049543ecf05c4a46c5b7	b8970378a0a7215b3a25dcfdeb9663bd86067824
de0d2e5847bc2ffbae038b9b27134b589a028a0a	1283466cfc233e34ec4c6bda6b272f1224f64775
c63e76b2a6c29ffe2bfa3763a2e103daf0436c85	1c51b52bc0c53d72d09b96c28d7985a85fac8eb4
fad74cb34822745cd7775cf287c3aa79cb22e46c	85c409fac412ba278f781bca6636c75427523af5
d4dd7b955de294f036be72ef731027894500797f	76bda7555ec77dfd3bb2a194b9e4466ae267fa40
c1747f712dc08962a34c3b3fcd740f8b4d8509b9	b810f84dd7afd90687b7895e6bc77c12dc5b81d8
8f188cf646b24bfafb0f9b60145ea11216b780a5	3893025418acf377947f056a10bc233cc95e6909
ca6b31924d78fdbee39470fd033c32ff03fe7e1b	7da19a8d61a7dfdd830b49db40cab8f7f1702ace
feb1ce3226375635b470280ff4adb6527e572282	57ef7fc4be3dd089e5795c63aeb3290fefb7ac27
59ad1101c596edfd5a48f4dabec112356d09002a	1cacd6ab96864e117c5f17588bcc5615455a5433
923069ee9a7f9112566589c11ce41f9e5acea2c0	dc04fccf70b6cd640bf6a020c836b23286a3fb6c
316e3abb35d65baf2311b5712da85fec5b49165c	2dbc9532e5a358a35c3bc4ee2804d04e146c73f3
23430686052144f3015a2585dbd9e173313f7fc4	bde89d3e718e81b4aaa778c1ea2463ae4ff3694d
400a41e8fb46b019704149a848487ab046d71d31	458232159304d4c96a862319f6d3dc4a2f25e998
60180cbc62a77082b2fd5636822e725500241631	dd9ed88a4277a96e5694fbbeac157582cccedd1d
d137f5ab62e69d7a25a388fac38f4bb050567aef	db54f7e2115fd794053278278ca819147e8a5c5c
c78a7080a4a1111d8e603b389d89e5d58803b6be	d78f637aaa0cdff3cbfafdcedc1433ea628b9340
6e5c8f63006088b889983bc9367c9f8e78779cec	e8ed2fd9a239a99404de15033ea5dd3bbce79d03
db70c734b40f01c4df8b5bad9f24b25a2458535b	e18a15106fcc534adcd0e44c002f297c8df159cc
56ebd230a0d79e707711843f35a4c2832e1ba120	e52e5a31bb2971abd8812d6784a35ce90cd59578
c060567678bb5211658104d3645ed8f5b993ba93	adfea7262d40a02e33847752278aa9cd332aacfa
6d1f8c37edb8f75410c063af302a6764ade1d8cc	54cb92e184dac8a280a252c431134fb36b4c3090
ad25b27398e3451007085f68628bd22d526be3c1	c9c486b2d986f9102d52b2b1f18cc517b268503d
833f7976bbcd1d90f69a865465be46ceea8a3cd1	fa88fa2f8783afb5db31791a63b7e27b590f6a02
a8f1a9b78cc2c88e9f49792391b41387fb86e6f7	ed17573a6d4bcd3a91ed7018fed29db9d4d15d24
65ba18810d15b3f91a19ceefdff08dcfd371bb0d	ef56f3539d12b75c34dad47125ca1d617098f79f
7efaace7c71f71904c23cdb98b0bced4d3c27277	3d92133380823186b469237d09dcfc2b7aa49efc
7b98030ae249befcb1c41862bb33ecc434848d1b	edf63a99bbe50ffa825470d00d82a84888a40827
bb3417690662d474dcb85307ad7547bf90cd140b	7c097d5a6ae6ad36a90affb02d74df134ee9005e
7cb461f44e64e1ff1bb70a21bd9bf5dcd67ef427	0624c108ba05033a8a00e729c50d71cfaa7ea45b
06d74045aeb6700bce874018b0ab55dd76e0327c	514a8407b6ad22e0ab59641270abff54c1caaad3
3e1b57b68557531bd5be2ac4a2a0d86c7964eb0d	68f371641c31d4bf21175d1c2eb81bc955f476d3
c0a420acc68911af2d3c20e8befebd76d8922c31	768d235be12144bfab6a720baf8886bf17114d06
74fd7311bcdf7271747e1d55d42be41a31ccaf04	7ebbca558ffde0127f7bf8f4e0c73e8218dae807
5ba3397da4dbc6fe63dc74a5f39821c1a29afb47	217238b387864e5168a105081a1ac1fcefd3aa6c
1b1a30cf6769f4b9b893529de51b2d22869db7be	83172f0f5803440004b9a03b06ac9c7e82acf60c
ad79c8d7a13b4180e829632ce6966699aa64c30f	0eec8fbbaaed6eb1f9bc8a21e207c06140c439e6
62f253e8173f1e6378932d6491215b5bdc260022	f546a200b55671b6d3ebbe63b2d0c1948f4b2a0d
f4ec6ce496a6d8b0680be3b0598a5918a59e535c	f50201f98a028900fa6caa30e230beaeae752416
6fb834c7ace57421e0816f2894cc5f53e1f898c0	bebad617c1f987ae509ccfc9a4c1b25ff9a22af5
08d9668ce4e0cc2939fbf4e9e1c2f75bc6285964	cc7b8eac314fdba1613432c0708223179efaceff
7ca4f4b5f7e6dd4a42a4f41cf6dd7751d5e03390	1de67177a9c2f05c2f93d2eeb22ba79c112d80f7
1fd8884c69c82e6d53ed1b4801a9d1672f38e6ef	c0513e539f16558daa15a2b2cd3ac5264414d4bc
5e9b6d2bad5b7ded946f5d1463a635a63e57ed95	75d924204fbe7e5cdf80295de994b13aec0a5b8f
9a7fd0832d894a0348b977d38b19ccc770bf6495	a0d907652c63896b5079936cbf169ab7d4775183
d279c4f253de456da507a2efda5cb6666e0876e3	f2653f2c1a078ee0b49bfa82f78072bba0d5b9c4
b50633ec4372e815b4b365de5a5bc26b16d17316	a1737068872fe4f994e514cdd7d2e242f0bfb295
c950c75e4337f4bfd7a91bca9dc2fc006675b5af	3f65a1483d9452ea05a8ac42a0b4adf2b59035a5
07aa9ab79ab794be5c6a0391d8059c12ff11699d	3e39a83056e038182a005e9fed20cfdf9277c8c3
1d096b70d099d895b5df78ea1402fe5840a87e1d	2f2d00f171b79f0f43ba4e0921f8e53354a30d6d
8f60e4860129bd4b56e4bcdd5a9c26adacfe3f5f	3bd7d48182d777519f3dedadf6b465b843c35cde
55a90b2fb4811869d690d51a7f78d6e466a3ace7	de2565735af2e6e686653d1826a1af4c3bfccc7e
9c3b3b78d0f05ddc6e8bee62d36b70d32273d7c2	ab1a52af131b5eb8dbfa338a6c504fdafe4afc9f
68151b844405977162142b064ca3ccd8553155a7	072ef3bf2f4bc0c0521fba816bc71751c69658de
b297ff3716d143bc0566db304d0c5ffab1b83fdd	0a7875a97530f7420231d9dda4d4adbc390d90a7
66642ca7b2484f8cddc65e4786cb9561dcd462a1	4cf2a0e0a6d67dfa3231d1f09ed2bc7be272908c
e6cffe1338a6a50605e107dc5100a4e6024e7596	9449df7f6a1fb975195f073d1c37aa0e4c8ef553
08d4bd411cca571f25893c488593ead88e444a43	de450f4d01d036db4fcabe245231bc677c4fa029
37c2ea5a06b3c5c4b81ec99a398f8dae34c506cb	e173bcedbc6d504fa7c2fd183f2cc1d18a9d1ccf
cf9e9b0dba67853e48eb5920c4a66c0ba134dfb1	6b32411c750c362a70d5706351da53c12b2f4b73
95c84313c2f826255a70b573674da28d1a4851a6	c15c781887f1fabc59ba843a02bff85dc21d3030
7817532c58ab39c8fedae631d8b480d0031c9a9f	c8a755a76af7d6fcfd1ccbe7d87ebf89ecec6c42
c735e3eee091e9a758a82efd91c0b3e71975bad0	97ee407e0665f0438a27bd1ffa8e310ca9a43ee1
825d8dcf8d8c67ad5a9cedc4c8dbefabac60793f	a1a129753277556dca3fc5da37aca1e0fc998243
97c59ffcf89f4a5d5d66b90a1472c6ec5259d6ed	b71211814419ebb7d5df4c27f081f708ab940105
