site_name,road,am_vehicles,lat,lon
Curraheen Rd Roundabout, Curraheen Rd,1820,51.8847,-8.5385
S Ring Rd/Bishopstown Rd, Bishopstown Rd,1440,51.8796,-8.5148
S Ring Rd/Sarsfield Rd, Sarsfield Rd,3350,51.8763,-8.4961
Casey's Cross, Casey's Cross,1650,51.8718,-8.4823
Togher Rd/Tramore Rd, Togher Rd,1150,51.8742,-8.4693
Well Rd/Douglas Rd, Douglas Rd,2550,51.8792,-8.4562
Mahon Link Road, Mahon Link Rd,2880,51.8832,-8.4318
Model Farm Rd/Inchigaggin Ln, Model Farm Rd,1300,51.8997,-8.5288
Lee Rd/Sunday's Well Rd, Lee Rd,80,51.9009,-8.5002
Carrigrohane Rd/Inchigaggin Ln, Carrigrohane Rd,1620,51.899,-8.5416
Blarney St/Harbour View Rd, Blarney St,1120,51.9032,-8.4892
Lower Glanmire Road/Unnamed Road, Lower Glanmire Rd,2100,51.9044,-8.4456
N City Link Rd/Watercourse Rd, N City Link Rd,2050,51.9038,-8.4625
Mayfield Park/N Ring Road/Colmcille Ave, N Ring Road,1030,51.9073,-8.4529
Thomas Davis St/Commons Road, Commons Road,880,51.9091,-8.467
Ballyhooly Road/Gordon's Hill, Ballyhooly Road,980,51.9112,-8.4591
Mayfield Park/Silverspring Road/Old Youghal Road, Silverspring Road,340,51.9072,-8.4403
W Douglas St/Douglas Link Road/Unnamed Road, Douglas Link Rd,800,51.8849,-8.4735
S Link Rd/Blackash, S Link Rd,3600,51.8695,-8.4889
Kinsale Rd, Kinsale Rd,1380,51.8669,-8.502
